topic,lang,month,views,edition_views,per_million
English,uk,2024-09,11674,74509285,156.68
English,uk,2024-10,12624,83014264,152.07
English,uk,2024-11,12869,83835060,153.5
English,uk,2024-12,11660,84431475,138.1
English,uk,2025-01,13024,94111809,138.39
English,uk,2025-02,10993,81951788,134.14
English,uk,2025-03,12095,79505120,152.13
English,uk,2025-04,10437,72146878,144.66
English,uk,2025-05,9000,69040303,130.36
English,uk,2025-06,6505,53652676,121.24
English,uk,2025-07,6937,62209478,111.51
English,uk,2025-08,7501,61801817,121.37
English,uk,2025-09,8535,61256706,139.33
English,uk,2025-10,8066,66044662,122.13
English,uk,2025-11,7350,67137685,109.48
English,uk,2025-12,7176,55497356,129.3
English,uk,2026-01,6971,60471976,115.28
English,uk,2026-02,6260,51614348,121.28
English,uk,2026-03,6703,55114806,121.62
English,uk,2026-04,6237,53442038,116.71
English,uk,2026-05,7018,55950057,125.43
English,uk,2026-06,5472,48312008,113.26
English,uk,2026-07,5444,52999047,102.72
English,uk,2026-08,5532,50720483,109.07
English,pl,2024-09,9611,192493223,49.93
English,pl,2024-10,10234,208701948,49.04
English,pl,2024-11,11661,218936097,53.26
English,pl,2024-12,11498,219776867,52.32
English,pl,2025-01,12414,252131702,49.24
English,pl,2025-02,9932,211020679,47.07
English,pl,2025-03,11547,223967317,51.56
English,pl,2025-04,9133,199339583,45.82
English,pl,2025-05,8562,194249620,44.08
English,pl,2025-06,7352,170783829,43.05
English,pl,2025-07,7962,186739175,42.64
English,pl,2025-08,8827,196910322,44.83
English,pl,2025-09,8458,189329148,44.67
English,pl,2025-10,10137,201290696,50.36
English,pl,2025-11,8455,228294569,37.04
English,pl,2025-12,7850,190164557,41.28
English,pl,2026-01,8902,204283824,43.58
English,pl,2026-02,7257,178016304,40.77
English,pl,2026-03,7886,178619982,44.15
English,pl,2026-04,7365,172465079,42.7
English,pl,2026-05,7429,179989593,41.27
English,pl,2026-06,7940,179578875,44.21
English,pl,2026-07,8244,179428492,45.95
English,pl,2026-08,7119,175873090,40.48
English,tr,2024-09,9224,114695925,80.42
English,tr,2024-10,12545,134340348,93.38
English,tr,2024-11,9927,131755487,75.34
English,tr,2024-12,10783,154006423,70.02
English,tr,2025-01,9496,149449739,63.54
English,tr,2025-02,7264,124535450,58.33
English,tr,2025-03,8785,140953363,62.33
English,tr,2025-04,7723,135349482,57.06
English,tr,2025-05,7659,132581263,57.77
English,tr,2025-06,6114,113658492,53.79
English,tr,2025-07,6042,119103660,50.73
English,tr,2025-08,6188,110192986,56.16
English,tr,2025-09,7094,111458213,63.65
English,tr,2025-10,7703,115977038,66.42
English,tr,2025-11,7687,133780697,57.46
English,tr,2025-12,7886,116695617,67.58
English,tr,2026-01,8023,121776345,65.88
English,tr,2026-02,6428,103043092,62.38
English,tr,2026-03,6999,107574869,65.06
English,tr,2026-04,8312,96638135,86.01
English,tr,2026-05,6801,107449827,63.29
English,tr,2026-06,6556,98322150,66.68
English,tr,2026-07,5878,99466953,59.1
English,tr,2026-08,5593,93700242,59.69
English,vi,2024-09,19939,66773881,298.6
English,vi,2024-10,22074,75384186,292.82
English,vi,2024-11,19035,67097909,283.69
English,vi,2024-12,18635,71029583,262.36
English,vi,2025-01,14755,67268488,219.34
English,vi,2025-02,13792,65788676,209.64
English,vi,2025-03,15507,71607490,216.56
English,vi,2025-04,15594,67899311,229.66
English,vi,2025-05,15189,66553330,228.22
English,vi,2025-06,12300,51388119,239.35
English,vi,2025-07,13858,53951755,256.86
English,vi,2025-08,13926,53846363,258.62
English,vi,2025-09,14864,54085199,274.83
English,vi,2025-10,14985,54839995,273.25
English,vi,2025-11,14620,67802485,215.63
English,vi,2025-12,16137,46847786,344.46
English,vi,2026-01,14516,52199251,278.09
English,vi,2026-02,9967,39085828,255.0
English,vi,2026-03,12436,41965424,296.34
English,vi,2026-04,11918,43328471,275.06
English,vi,2026-05,11482,44731011,256.69
English,vi,2026-06,9818,46139909,212.79
English,vi,2026-07,10027,50430364,198.83
English,vi,2026-08,8961,48469552,184.88
English,pt,2024-09,15277,223630620,68.31
English,pt,2024-10,15034,233789911,64.31
English,pt,2024-11,14710,227814205,64.57
English,pt,2024-12,12618,227035399,55.58
English,pt,2025-01,12465,251472872,49.57
English,pt,2025-02,12783,213161903,59.97
English,pt,2025-03,15965,239043030,66.79
English,pt,2025-04,11623,207323408,56.06
English,pt,2025-05,10011,195164071,51.3
English,pt,2025-06,9950,184182010,54.02
English,pt,2025-07,8868,193607121,45.8
English,pt,2025-08,9392,183993588,51.05
English,pt,2025-09,9668,178345668,54.21
English,pt,2025-10,9637,187357897,51.44
English,pt,2025-11,9126,202322205,45.11
English,pt,2025-12,7830,164307724,47.65
English,pt,2026-01,8206,185922894,44.14
English,pt,2026-02,8524,172804752,49.33
English,pt,2026-03,9369,169381394,55.31
English,pt,2026-04,8601,162693537,52.87
English,pt,2026-05,9296,175827714,52.87
English,pt,2026-06,9640,174113302,55.37
English,pt,2026-07,9958,202825283,49.1
English,pt,2026-08,10278,176302952,58.3
